{
  "version": "20260326_005503",
  "model_type": "svm",
  "labels": [
    "legitimate",
    "phishing",
    "spam"
  ],
  "accuracy": 0.961895813759265,
  "f1_score": 0.955944577425233,
  "confusion_matrix": [
    [
      23550,
      2,
      314
    ],
    [
      22,
      304,
      1067
    ],
    [
      227,
      193,
      22216
    ]
  ],
  "training_samples": 239472,
  "trained_at": "20260326_005503",
  "all_results": {
    "complement_nb": {
      "accuracy": 0.9251278839127257,
      "precision": 0.9137299324951607,
      "recall": 0.9251278839127257,
      "f1_score": 0.9128012477828089,
      "confusion_matrix": [
        [
          23548,
          3,
          315
        ],
        [
          144,
          43,
          1206
        ],
        [
          1878,
          40,
          20718
        ]
      ]
    },
    "logistic_regression": {
      "accuracy": 0.9589309948846435,
      "precision": 0.9532586771021047,
      "recall": 0.9589309948846435,
      "f1_score": 0.9526691933318752,
      "confusion_matrix": [
        [
          23433,
          3,
          430
        ],
        [
          27,
          291,
          1075
        ],
        [
          271,
          161,
          22204
        ]
      ]
    },
    "random_forest": {
      "accuracy": 0.9518321327904792,
      "precision": 0.9458408272398341,
      "recall": 0.9518321327904792,
      "f1_score": 0.9481922833502344,
      "confusion_matrix": [
        [
          23503,
          0,
          363
        ],
        [
          35,
          359,
          999
        ],
        [
          425,
          485,
          21726
        ]
      ]
    },
    "svm": {
      "accuracy": 0.961895813759265,
      "precision": 0.9557611906098634,
      "recall": 0.961895813759265,
      "f1_score": 0.955944577425233,
      "confusion_matrix": [
        [
          23550,
          2,
          314
        ],
        [
          22,
          304,
          1067
        ],
        [
          227,
          193,
          22216
        ]
      ]
    }
  }
}